Title,Price,Image Name
Dr. Elsey's Cat Litter - Premium Unscented Cat Litter w/ Natural Ingredients - Low Dust Superior Odor Control Cat Litter - Hard Clumping Moisture Absorbing Clay Multi Cat Litter (For All Cats - 40lbs),$20.99,71yvqBnUtKL._AC_UL320_.jpg
Amazon.com eGift Card (Instant Email or Text Delivery),$5.00,31x451MtRuL._AC_UL320_.jpg
"Purina Pro Plan Veterinary Supplements FortiFlora Dog Probiotic Supplement, Canine Nutritional Supplement - 30 Ct. Box",$30.99,71NHJn8UsCL._AC_UL320_.jpg
"Earth Rated Poop Bags for Dogs, Guaranteed Leak Proof and Extra Thick Waste Bag Refill Rolls, Lavender Scented, 270 Count",$13.99,71l4DqotI3L._AC_UL320_.jpg
Purina Fancy Feast Grilled Wet Cat Food Seafood Collection in Wet Cat Food Variety Pack - (Pack of 24) 3 oz. Cans,$17.39,11++B3A2NEL._SS200_.png
"Amazon Basics Dog Poop Bags with Dispenser, 300 Count, Enhanced for Guaranteed Leakproof, Unscented, Includes Leash Clip",$8.19,8122nv6lJlL._AC_UL320_.jpg
"Fresh Step Extreme Clumping Litter With Febreze Freshness, Mountain Spring Scent Clumping Cat Litter With Guaranteed Odor Control, 14 lb. Box",$12.17,71pS4O3AJ6L._AC_UL320_.jpg
Purina Fancy Feast Gravy Lovers Poultry and Beef Grilled Gourmet Wet Cat Food Variety Pack - (Pack of 24) 3 oz. Cans,$17.78,81d4jR-QkvL._AC_UL320_.jpg
Seresto Large Dog Vet-Recommended Flea & Tick Treatment & Prevention Collar for Dogs Over 18 lbs. | 8 Months Protection,$59.98,81lQH8GEM1L._AC_UL320_.jpg
Purina Fancy Feast Seafood Classic Pate Collection Grain Free Wet Cat Food Variety Pack - (Pack of 30) 3 oz. Cans,$22.03,71ul7uasPQL._AC_UL320_.jpg
"Amazon Basics Dog and Puppy Pee Pads with Leak-Proof Quick-Dry Design for Potty Training, Standard Absorbency, Regular Size, 22 x 22 Inches, Pack of 100, Blue & White",$20.99,813Q5x8I9qL._AC_UL320_.jpg
"Meow Mix Original Choice Dry Cat Food, 6.3 Pound Bag",$8.49,71LHksRF15L._AC_UL320_.jpg
"Blink Video Doorbell (newest model), Two-way audio, HD video, motion and chime app alerts and Alexa enabled â€” wired or wire-free (Black)",$32.99,11++B3A2NEL._SS200_.png
"Milk-Bone MaroSnacks Small Dog Treats With Bone Marrow, 40 Ounce Container",$11.48,810aWrXUwPL._AC_UL320_.jpg
"Greenies Pill Pockets Large Size Soft Dog Treats for Capsules, with Real Peanut Butter, Made With Natural Ingredients Plus Minerals & Trace Nutrients, 15.8 oz. (60 Count, Pack of 1)",$17.98,41te-uzWxDL._AC_UL320_.jpg
"HONEY CARE All-Absorb A26 Male Dog Wrap, 50 Count, Small",$17.99,11hfR5Cq9GL._SS200_.png
"Temptations Classic Crunchy and Soft Cat Treats Tasty Chicken Flavor, 30 oz. Tub",$15.48,81P6Z2vH2-L._AC_UL320_.jpg
"Purina Friskies Wet Cat Food Variety Pack, Tasty Treasures Prime Filets (With Ocean Fish and Tuna, With Chicken and With Turkey) - (Pack of 12) 5.5 oz. Cans",$8.33,81kuxogKiPL._AC_UL320_.jpg
Purina Friskies Pate Wet Cat Food Variety Pack Seafood and Chicken Pate Favorites 40ct VP - (Pack of 40) 5.5 oz. Cans,$29.48,71gYlXY6i-L._AC_UL320_.jpg
"Greenies Pill Pockets Large Size Soft Dog Treats for Capsules, Chicken Flavor, Made With Natural Ingredients Plus Minerals & Trace Nutrients, 15.8 oz. (60 Count, Pack of 1)",$17.98,8108Aln7zcL._AC_UL320_.jpg
"Purina Pro Plan Sensitive Skin and Stomach Dog Food Dry, Adult Salmon & Rice Formula, Digestive Health - 30 lb. Bag",$71.98,91Lxks7Ex6L._AC_UL320_.jpg
"Dog Treats, Chicken Jerky for Dogs, Made with 100% Real Chicken Breast, 16 Ounces, Healthy, Easily Digestible, Long-Lasting, High Protein Dog Treat, Satisfies Dog's Urge to Chew (Pack of 1)",$11.98,81SGsHIGsNL._AC_UL320_.jpg
Fancy Feast Poultry and Beef Feast Classic Pate Collection Grain Free Wet Cat Food Variety Pack - (Pack of 30) 3 oz. Cans,$22.04,81M3aEXmq4L._AC_UL320_.jpg
"Milk-Bone Mini's Flavor Snacks Dog Treats, 36 Ounce",$11.48,81cnlh1S7aL._AC_UL320_.jpg
